,val_loss,loss
0,0.7707948075099424,0.8829330330235617
1,0.813020172952251,0.7990404167345592
2,0.8143525099889799,0.788758747790541
3,0.8060757902196862,0.7873909292902266
4,0.7966918498277664,0.7874337385807718
5,0.8115281919864091,0.7849342334696224
6,0.8114851645447991,0.7840792601449149
7,0.8051135116680102,0.7860125456963266
8,0.798768713562326,0.7839339418070657
9,0.8082588518207724,0.7827287400194577
10,0.8137090023268353,0.7841621238844735
