,val_loss,loss
0,0.8588560074567795,1.0513471117189952
1,0.888704525814815,0.9726327970198223
2,0.9076077999039129,0.9653791803547315
3,0.8945307575843551,0.966245467535087
4,0.89671194892038,0.9658987688166755
5,0.8866377676075156,0.9642264607122967
6,0.8842144105583429,0.9649921494296619
7,0.8808852342719381,0.9640683966449329
8,0.8904127028178085,0.9635722420045307
9,0.8801065964454954,0.9647606243406023
10,0.8861096582629464,0.9633786819662367
