,val_loss,loss
0,0.7083030546253378,1.0106555945532663
1,0.7352199982851744,0.9861786158595767
2,0.7441029408099976,0.9826399667773928
3,0.7244053283198313,0.9831266361049243
4,0.7214155835522846,0.9794747797080449
5,0.725278907709501,0.9816794756480626
6,0.7238607768985358,0.9789737079398972
7,0.7283717868002978,0.9781653730358396
8,0.7164857418022372,0.9775137230328151
9,0.7272739720276811,0.9788730331829616
10,0.7181027204814282,0.9767104065418244
