,val_loss,loss
0,0.8065189756453037,1.1092604707820075
1,0.8464074531062082,0.9945569160154888
2,0.853180626576597,0.972395070706095
3,0.8337271101772785,0.9674961080295699
4,0.8294732164252888,0.9659434101411275
5,0.8307489630850878,0.9663925347157887
6,0.8284906026991931,0.9663266766497067
7,0.8429448513144796,0.9641967409849167
8,0.8358429206365888,0.9648408967256547
9,0.8417595631696961,0.9624337412629809
10,0.8439458374950018,0.9625079406159265
